input_id,resolved_siret,official_name,confidence_score,match_method,alternatives,found_website,found_address,found_phone,found_email,country,city,postal_code,search_method,error
402BSYSTEM00,,,0.0,NOT_FOUND,[],,,,,,,,,
403CAMENAG00,49815549800047,3 C AMENAGEMENT,0.95,STRICT_LOCAL,[],,,,,,,,,
403CCLIMATIS,82431185600051,3C CLIMATISATION,0.95,STRICT_LOCAL,[],,,,,,,,,
403CIP000000,88063223700025,3C IP CONNECT,0.95,STRICT_LOCAL,[],,,,,,,,,
40512IT00000,,,0.0,NOT_FOUND,[],,,,,,,,,
40ABALONE000,,,0.0,NOT_FOUND,[],,,,,,,,,
40ABC ABONT0,38830863700056,REUSSIR,1.0,DIRECT_ID,[],,,,,,,,,
40ABCD000000,,,0.0,NOT_FOUND,[],,,,,,,,,
40ABTRANSP00,,,0.0,NOT_FOUND,[],,,,,,,,,
40ACAUPEL000,52963857900035,ACAUPEL,0.7,CALCULATED,"[""81847609500026""]",,,,,,,,,
40ACOFOSSE00,81540303500018,ACOFOSSE,0.8,CALCULATED,[],,,,,,,,,
40ADECCO0000,,,0.0,NOT_FOUND,[],,,,,,,,,
40ADKA000000,,,,,,,,,,,,,,OutOfMemoryException: Out of Memory Error: Allocation failure
40ADS0000000,,,,,,,,,,,,,,OutOfMemoryException: Out of Memory Error: Allocation failure
40ADWORK0000,79048810000070,ADWORK'S 3,0.95,STRICT_LOCAL,[],,,,,,,,,
40AE30000000,,,0.0,NOT_FOUND,[],,,,,,,,,
40AEP0000000,,,0.0,NOT_FOUND,[],,,,,,,,,
40AETI000000,,,0.0,NOT_FOUND,[],,,,,,,,,
40AFFICHEPAR,,,0.0,NOT_FOUND,[],,,,,,,,,
40AGP0000000,42932120100072,@GP,1.0,DIRECT_ID,[],,,,,,,,,
40AGROALIMEN,,,0.0,NOT_FOUND,[],,,,,,,,,
40AGROKASA00,,,0.0,NOT_FOUND,[],,,,,,,,,
40AGRUBAN000,50377769000010,AGRUBAN,1.0,DIRECT_ID,[],,,,,,,,,
40AIRFLUX000,32668525200404,AIRFLUX,1.0,DIRECT_ID,[],,,,,,,,,
40AIRFLUXPA0,,,0.0,NOT_FOUND,[],,,,,,,,,
40AIST000000,78320088400147,AIST 84,1.0,DIRECT_ID,[],,,,,,,,,
40AKTO000000,,,0.0,NOT_FOUND,[],,,,,,,,,
40ALCOREP000,,,0.0,NOT_FOUND,[],,,,,,,,,
40ALDITRPS00,50143489800026,ALDI REIMS,1.0,DIRECT_ID,[],,,,,,,,,
40ALLARD0000,,,0.0,NOT_FOUND,[],,,,,,,,,
40ALLCAT0000,,,0.0,NOT_FOUND,[],,,,,,,,,
40ALLIANCE00,51901940000026,FB SERVICES PLUS RH,1.0,DIRECT_ID,[],,,,,,,,,
40ALMA000000,,,0.0,NOT_FOUND,[],,,,,,,,,
40ALMATRANS0,30673838600045,ALMA TRANSITAIRES,1.0,DIRECT_ID,[],,,,,,,,,
40ALMO000000,,,0.0,NOT_FOUND,[],,,,,,,,,
40ALPESCONTR,,,0.0,NOT_FOUND,[],,,,,,,,,
40ALPHAPRINT,,,0.0,NOT_FOUND,[],,,,,,,,,
40ALROPRIM00,31676912400058,ALROPRIM,1.0,DIRECT_ID,[],,,,,,,,,
40ALTER00000,39943169100027,ALTERBIO FRANCE,0.6,CALCULATED,[],,,,,,,,,
40AMF0000000,82129659700015,AMF,1.0,DIRECT_ID,[],,,,,,,,,
40AMGFORMATI,,,0.0,NOT_FOUND,[],,,,,,,,,
40AMS0000000,47785468100038,AMS EUROPEAN,1.0,DIRECT_ID,[],,,,,,,,,
40ANAR000000,,,0.0,NOT_FOUND,[],,,,,,,,,
40ANATECS000,79308176100025,ANATECS,1.0,DIRECT_ID,[],,,,,,,,,
40ANCV000000,83419156100010,ANCV TRANSPORT,1.0,DIRECT_ID,[],,,,,,,,,
40ANETT00000,,,0.0,NOT_FOUND,[],,,,,,,,,
40ANIMACOM00,48743284100012,SARL ANIMA-COM,1.0,DIRECT_ID,[],,,,,,,,,
40ANIMATIONC,35300104300051,ANIMATION CONSEIL,1.0,DIRECT_ID,[],,,,,,,,,
40ANIMATIONF,,,0.0,NOT_FOUND,[],,,,,,,,,
40ANTEMETA00,48928896900038,ANTEMETA,1.0,DIRECT_ID,[],,,,,,,,,
40AP2R000000,,,0.0,NOT_FOUND,[],,,,,,,,,
40APAVE00000,,,0.0,NOT_FOUND,[],,,,,,,,,
40APAVEEXPLO,33469181300052,WESTFALIA FRUIT FRANCE,1.0,DIRECT_ID,[],,,,,,,,,
40APIENTREPR,,,0.0,NOT_FOUND,[],,,,,,,,,
40APL0000000,,,0.0,NOT_FOUND,[],,,,,,,,,
40AQUALEHA00,40348889300013,AQUALEHA,1.0,DIRECT_ID,[],,,,,,,,,
40ARCO000000,,,0.0,NOT_FOUND,[],,,,,,,,,
40ARCOM00000,50805962300035,ARCOM PROVENCE,0.95,STRICT_LOCAL,[],,,,,,,,,
40ARDEL00000,34775754400023,APPLICATIONS RATIONNELLES ELECTRICITE,1.0,DIRECT_ID,[],,,,,,,,,
40ARMARA0000,,,0.0,NOT_FOUND,[],,,,,,,,,
40ARMELIA000,,,,,,,,,,,,,,OutOfMemoryException: Out of Memory Error: Allocation failure
40AROMA00000,,,0.0,NOT_FOUND,[],,,,,,,,,
40ARTEMBAL00,,,0.0,NOT_FOUND,[],,,,,,,,,
40ARTEMIS000,,,0.0,NOT_FOUND,[],,,,,,,,,
40ARTIPRO000,84500126200011,ARTI-PRO,1.0,DIRECT_ID,[],,,,,,,,,
40ARTKOSE000,43304975600037,ARTKOSE,0.95,STRICT_LOCAL,[],,,,,,,,,
40ASAP000000,,,0.0,NOT_FOUND,[],,,,,,,,,
40ASI0000000,,,0.0,NOT_FOUND,[],,,,,,,,,
40ASSRAYON00,87748316400019,AUDIT SYSTEMES ET SURETE DES RAYONNAGES,1.0,DIRECT_ID,[],,,,,,,,,
40ATC0000000,,,0.0,NOT_FOUND,[],,,,,,,,,
40ATELIERAIG,39816677700027,ATELIER PROTEGE DE L'AIGUILLON,1.0,DIRECT_ID,[],,,,,,,,,
40ATELIERDUG,93965251700011,L'ATELIER DU GOLFE,0.95,STRICT_LOCAL,[],,,,,,,,,
40ATELIERRUC,83034348900019,E.A. LA RUCHE,1.0,DIRECT_ID,[],,,,,,,,,
40ATELIERSMO,78553462900049,A R P E I,1.0,DIRECT_ID,[],,,,,,,,,
40ATHENAFORM,80958278600020,ATHENA FORMATION,1.0,DIRECT_ID,[],,,,,,,,,
40ATLANTETI0,,,0.0,NOT_FOUND,[],,,,,,,,,
40ATRESS0000,,,0.0,NOT_FOUND,[],,,,,,,,,
40ATSI000000,35259758700075,ATSI,1.0,DIRECT_ID,[],,,,,,,,,
40AUSAVETIER,48355656900026,KRC DIFFUSION,1.0,DIRECT_ID,[],,,,,,,,,
40AVENUE5000,32488435200059,5EME AVENUE,1.0,DIRECT_ID,[],,,,,,,,,
40AVIPRO0000,42262423900063,AVIPRO PROPRETE,0.95,STRICT_LOCAL,[],,,,,,,,,
40AXA0000000,72205746001971,AXA FRANCE IARD,1.0,DIRECT_ID,[],,,,,,,,,
40AXESS00000,,,0.0,NOT_FOUND,[],,,,,,,,,
40AZ00000000,,,0.0,NOT_FOUND,[],,,,,,,,,
40AZIMUT0000,79081900700010,AZIMUT,1.0,DIRECT_ID,[],,,,,,,,,
40BALEUX0000,,,0.0,NOT_FOUND,[],,,,,,,,,
40BANAG00000,70202025600013,BANAGRUMES,1.0,DIRECT_ID,[],,,,,,,,,
40BARNIE0000,40790775700048,BARNIER,1.0,DIRECT_ID,[],,,,,,,,,
40BASIDI0000,,,,,,,,,,,,,,OutOfMemoryException: Out of Memory Error: Allocation failure
40BATEMAN000,32107051800030,TRANSPORTS BATEMAN FILS,0.6,CALCULATED,[],,,,,,,,,
40BBA0000000,,,0.0,NOT_FOUND,[],,,,,,,,,
40BBFT000000,,,0.0,NOT_FOUND,[],,,,,,,,,
40BC00000000,35245429200066,B C TRANSPORTS,1.0,DIRECT_ID,[],,,,,,,,,
40BCD0000000,83140971900018,BCD FRUITS,1.0,DIRECT_ID,[],,,,,,,,,
40BECOMING00,38021028600023,BECOMING FRANCE,1.0,DIRECT_ID,[],,,,,,,,,
40BESSON FR0,,,0.0,NOT_FOUND,[],,,,,,,,,
40BESSON0000,56200257600022,ETABLISSEMENTS BESSON ET ALAPONT,1.0,DIRECT_ID,[],,,,,,,,,
40BESTWESTER,,,0.0,NOT_FOUND,[],,,,,,,,,
40BEUTTER000,,,0.0,NOT_FOUND,[],,,,,,,,,
40BEVA000000,44360755100027,BEVA FRUITS,1.0,DIRECT_ID,[],,,,,,,,,
40BFLEVOLUTI,,,0.0,NOT_FOUND,[],,,,,,,,,
40BFLOGIST00,92298198000019,BF LOGISTIQUE,1.0,DIRECT_ID,[],,,,,,,,,
40BIDAUD0000,,,0.0,NOT_FOUND,[],,,,,,,,,
40BIOENERGIE,84434979500014,BIOENERGIES DE L'OURCQ,1.0,DIRECT_ID,[],,,,,,,,,
40BIONERVAL0,,,0.0,NOT_FOUND,[],,,,,,,,,
40BIZERBA000,31420920600015,BIZERBA FRANCE SA,1.0,DIRECT_ID,[],,,,,,,,,
40BLAMPIN000,,,0.0,NOT_FOUND,[],,,,,,,,,
40BLANCAVOCA,,,0.0,NOT_FOUND,[],,,,,,,,,
40BNPLEASEGR,,,0.0,NOT_FOUND,"[""94090600100018"", ""79944091200019"", ""52452300800026"", ""92777749000016"", ""68200190400015""]",,,,,,,,,
40BOISBAUDRY,,,0.0,NOT_FOUND,[],,,,,,,,,
40BOLLOREAFR,,,0.0,NOT_FOUND,[],,,,,,,,,
40BONIFA0000,34876874800017,BONIFACCI FRERES,1.0,DIRECT_ID,[],,,,,,,,,
40BONZI00000,,,0.0,NOT_FOUND,[],,,,,,,,,
40BOPLAN0000,49260151300046,BOPLAN FRANCE,1.0,DIRECT_ID,[],,,,,,,,,
40BOSC000000,,,0.0,NOT_FOUND,[],,,,,,,,,
40BPROC00000,92795127700015,PROMESS,0.95,STRICT_LOCAL,[],,,,,,,,,
40BRASFRUIT0,,,0.0,NOT_FOUND,[],,,,,,,,,
40BRATIG0000,,,0.0,NOT_FOUND,[],,,,,,,,,
40BRESTBRETA,42031527700046,BREST BRETAGNE HANDBALL,1.0,DIRECT_ID,[],,,,,,,,,
40BRISTOL000,81097703300010,BRISTOL CAB,1.0,DIRECT_ID,[],,,,,,,,,
40BRUNEA0000,34395813800012,JM. BRUNEAU,1.0,DIRECT_ID,[],,,,,,,,,
40BSCOMMUNIC,,,0.0,NOT_FOUND,[],,,,,,,,,
40BTTRANSPOR,87886742300021,B&T TRANSPORT,1.0,DIRECT_ID,[],,,,,,,,,
40BULTEAU000,44027921400108,SAS BULTEAU SYSTEMS,1.0,DIRECT_ID,[],,,,,,,,,
40BURBANPALE,,,0.0,NOT_FOUND,[],,,,,,,,,
40BUROLIA000,,,,,,,,,,,,,,OutOfMemoryException: Out of Memory Error: Allocation failure
40BUTTERFLY0,88754006000019,BUTTERFLY,0.95,STRICT_LOCAL,[],,,,,,,,,
40CADEI00000,,,,,,,,,,,,,,OutOfMemoryException: Out of Memory Error: Allocation failure
40CAFERICHAR,43257346700011,CAFES RICHARD,1.0,DIRECT_ID,[],,,,,,,,,
40CALLBENTPS,,,,,,,,,,,,,,OutOfMemoryException: Out of Memory Error: Allocation failure
40CALLIMEDIA,50962338500010,CALLIMEDIA,1.0,DIRECT_ID,[],,,,,,,,,
40CAMAND0000,,,0.0,NOT_FOUND,[],,,,,,,,,
40CANOVA0000,59206659100013,SOCIETE CANOVAS ET CIE,1.0,DIRECT_ID,[],,,,,,,,,
40CAPEXO0000,40770147300032,CAPEXO,1.0,DIRECT_ID,[],,,,,,,,,
40CAPOSUD000,,,,,,,,,,,,,,OutOfMemoryException: Out of Memory Error: Allocation failure
40CARDELL000,,,,,,,,,,,,,,OutOfMemoryException: Out of Memory Error: Allocation failure
40CARREF0000,,,,,,,,,,,,,,OutOfMemoryException: Out of Memory Error: Allocation failure
40CASINO0000,42826724900020,CASINO SERVICES,1.0,DIRECT_ID,[],,,,,,,,,
40CB INTÉRIM,98150231300019,AT INTERIM,0.95,STRICT_LOCAL,[],,,,,,,,,
40CBRE000000,,,,,,,,,,,,,,OutOfMemoryException: Out of Memory Error: Allocation failure
40CBS0000000,52335695400017,GTMG,1.0,DIRECT_ID,[],,,,,,,,,
40CCIFRANCE0,,,,,,,,,,,,,,OutOfMemoryException: Out of Memory Error: Allocation failure
40CEDRESCO00,,,0.0,NOT_FOUND,[],,,,,,,,,
40CEGID00000,41021801000032,CEGID,1.0,DIRECT_ID,[],,,,,,,,,
40CEMLOC0000,,,,,,,,,,,,,,OutOfMemoryException: Out of Memory Error: Allocation failure
40CENPAC0000,,,0.0,NOT_FOUND,[],,,,,,,,,
40CERECO0000,38013591300016,CENTRE DE RECHERCHE ET DE CONSEIL CERECO,1.0,DIRECT_ID,[],,,,,,,,,
40CERRO00000,,,0.0,NOT_FOUND,[],,,,,,,,,
40CFS0000000,,,0.0,NOT_FOUND,[],,,,,,,,,
40CHABAS0000,,,0.0,NOT_FOUND,[],,,,,,,,,
40CHALLENGE0,,,0.0,NOT_FOUND,[],,,,,,,,,
40CHAMPA0000,,,0.0,NOT_FOUND,[],,,,,,,,,
40CHARLESGIL,90877345000014,CHARLES GILLET,0.95,STRICT_LOCAL,[],,,,,,,,,
40CHARRAIRE0,90850340200012,CHARRAIRE IMMO,0.6,GEMINI_ARBITER,"[""88497341300013""]",,,,,,,,,
40CHEP000000,31905175100182,CHEP FRANCE HOLDING,0.6,CALCULATED,[],,,,,,,,,
40CHERITEL00,,,0.0,NOT_FOUND,[],,,,,,,,,
40CHRONOPRIM,38098660400037,CHRONOPRIMEURS,1.0,DIRECT_ID,[],,,,,,,,,
40CHRSHOP000,,,0.0,NOT_FOUND,[],,,,,,,,,
40CIAMS00000,,,0.0,NOT_FOUND,[],,,,,,,,,
40CIAMT00000,78434698300017,CENTRE INTER MEDECINE TRAVAIL,1.0,DIRECT_ID,[],,,,,,,,,
40CIEFRUITFR,,,0.0,NOT_FOUND,[],,,,,,,,,
40CIEFRUITIE,05781875900011,COMPAGNIE FRUITIERE IMPORT,1.0,DIRECT_ID,[],,,,,,,,,
40CINQSURCIN,44055698300045,CINQ SUR CINQ SECURITE,1.0,DIRECT_ID,[],,,,,,,,,
40CIRAD00000,33159627000040,CTRE COOP INTERNAT RECHERCHE AGRO DEV,1.0,DIRECT_ID,[],,,,,,,,,
40CLAIRE0000,49476549800014,CLAIRE,1.0,DIRECT_ID,[],,,,,,,,,
40CLARILOG00,85265518200024,CLARILOG GROUPE,0.6,GEMINI_ARBITER,"[""53817906000024""]",,,,,,,,,
40CLASSCROUT,38290907500048,B2PH,1.0,DIRECT_ID,[],,,,,,,,,
40CLP0000000,44511927400022,CLP,1.0,DIRECT_ID,[],,,,,,,,,
40CMA0000000,,,0.0,NOT_FOUND,[],,,,,,,,,
40CMTRANSPOR,84853930000022,CM TRANS,1.0,DIRECT_ID,[],,,,,,,,,
40COGIT00000,40249970100090,COGIT LGC,1.0,DIRECT_ID,[],,,,,,,,,
40COMTESSE00,,,0.0,NOT_FOUND,[],,,,,,,,,
40CONECTIA00,89481583600016,CONECTIA SURETE,1.0,DIRECT_ID,[],,,,,,,,,
40CONECTIACO,48379377400066,CONVERTECH,1.0,DIRECT_ID,[],,,,,,,,,
40CONECTIATE,89491132000014,CONECTIA TELECOM,1.0,DIRECT_ID,[],,,,,,,,,
40CONHEXA000,,,0.0,NOT_FOUND,"[""39823018500025""]",,,,,,,,,
40CONIAC0000,45103167800027,CABINET CONIAC,1.0,DIRECT_ID,[],,,,,,,,,
40CONIBI0000,42922568300011,CONIBI,1.0,DIRECT_ID,[],,,,,,,,,
40CONNEXIS00,,,0.0,NOT_FOUND,[],,,,,,,,,
40CONTROLEA0,,,,,,,,,,,,,,OutOfMemoryException: Out of Memory Error: Allocation failure
40CONVER0000,,,,,,,,,,,,,,OutOfMemoryException: Out of Memory Error: Allocation failure
40CONVERTECH,,,0.0,NOT_FOUND,[],,,,,,,,,
40CONVERTEL0,,,,,,,,,,,,,,OutOfMemoryException: Out of Memory Error: Allocation failure
40COPRIMEX00,30474906200044,COPRIMEX,1.0,DIRECT_ID,[],,,,,,,,,
40CORA000000,78692030600093,CORA,1.0,DIRECT_ID,[],,,,,,,,,
40COSTANIM00,,,0.0,NOT_FOUND,[],,,,,,,,,
40COUTELLERI,,,0.0,NOT_FOUND,[],,,,,,,,,
40COVED00000,,,0.0,NOT_FOUND,[],,,,,,,,,
40CRASTR0000,56212804100026,3 D DONA,1.0,DIRECT_ID,[],,,,,,,,,
40CRAYON0000,79017204300065,CRAYON FRANCE,1.0,DIRECT_ID,[],,,,,,,,,
40CREASET000,38127736700060,CREASET,1.0,DIRECT_ID,[],,,,,,,,,
40CRENO00000,,,0.0,NOT_FOUND,[],,,,,,,,,
40CRIT000000,,,0.0,NOT_FOUND,[],,,,,,,,,
40CRLESAINT0,83372388500012,C.R LE SAINT,0.95,STRICT_LOCAL,[],,,,,,,,,
40CROIXROUGE,,,0.0,NOT_FOUND,[],,,,,,,,,
40CRUCHA0000,32832088200017,CRUCHAUDET - GRANDJEAN,1.0,DIRECT_ID,[],,,,,,,,,
40CSER000000,,,0.0,NOT_FOUND,[],,,,,,,,,
40CSFRUIT000,48026694900019,CHEMOUNI & CHEMOUNI IMPORT EXPORT,1.0,DIRECT_ID,[],,,,,,,,,
40CSIF000000,78568850800031,CHAMBRE SYND IMPORTAT FR FRUITS LEGUMES,1.0,DIRECT_ID,[],,,,,,,,,
40CTIFL00000,,,0.0,NOT_FOUND,[],,,,,,,,,
40CVI0000000,,,0.0,NOT_FOUND,[],,,,,,,,,
40DAGDAEST00,,,,,,,,,,,,,,OutOfMemoryException: Out of Memory Error: Allocation failure
40DARMON0000,,,,,,,,,,,,,,OutOfMemoryException: Out of Memory Error: Allocation failure
40DECAUMONT0,,,,,,,,,,,,,,OutOfMemoryException: Out of Memory Error: Allocation failure
40DECIDEOM00,,,0.0,NOT_FOUND,[],,,,,,,,,
40DECORPEINT,,,,,,,,,,,,,,"IOException: IO Error: Could not read file ""C:\Users\mouaad.ibnelaryf\OneDrive - Westfalia Fruit\DATA FOURNISSEURS\StockEtablissement_utf8.parquet"" (error in ReadFile(location: 2133320864, nr_bytes: 8)): Ressources système insuffisantes pour terminer le service demandé.


LINE 14:         FROM read_parquet(?) e
                      ^"
40DELANC0000,41458528100028,TRANS FROID AUVERGNE,1.0,DIRECT_ID,[],,,,,,,,,
40DELANCHY17,,,0.0,NOT_FOUND,[],,,,,,,,,
40DELANCHY62,,,0.0,NOT_FOUND,[],,,,,,,,,
40DELANCHY86,,,0.0,NOT_FOUND,[],,,,,,,,,
40DELANCHY94,,,0.0,NOT_FOUND,"[""79206082400051"", ""79206082400036"", ""44196266900053"", ""44196266900020""]",,,,,,,,,
40DELICE0000,49386706300015,DELICE D'AGRUMES,0.95,STRICT_LOCAL,[],,,,,,,,,
40DELMONTE00,32049748000097,DEL MONTE (FRANCE),1.0,DIRECT_ID,[],,,,,,,,,
40DELTASTOCK,34807016000026,DELTA STOCKS,1.0,DIRECT_ID,[],,,,,,,,,
40DEPANNCOLI,42344315900029,DEPANN'COLIS,1.0,DIRECT_ID,[],,,,,,,,,
40DERICHE000,60204463801139,DERICHEBOURG INTERIM,1.0,DIRECT_ID,[],,,,,,,,,
40DERICHEMAR,60204463800511,DERICHEBOURG INTERIM,1.0,DIRECT_ID,[],,,,,,,,,
40DESMET0000,39275172300033,SAS ETS PIERRE DESMETTRE ET FILS,1.0,DIRECT_ID,[],,,,,,,,,
40DESTRUCTFR,89479721600013,,1.0,DIRECT_ID,[],,,,,,,,,
40DHL0000000,,,0.0,NOT_FOUND,[],,,,,,,,,
40DIEPPE0000,84840121200016,GARAGE DIEPPEDALLE,0.6,CALCULATED,[],,,,,,,,,
40DIFAX00000,31037088700153,TIDF,1.0,DIRECT_ID,[],,,,,,,,,
40DIGIPOP000,90966548100034,DIGIPOP CONSEIL,0.6,CALCULATED,[],,,,,,,,,
40DIPS000000,98100381700013,DIPS,1.0,DIRECT_ID,[],,,,,,,,,
40DIRECTMEDI,,,0.0,NOT_FOUND,[],,,,,,,,,
40DISPAC0000,,,0.0,NOT_FOUND,[],,,,,,,,,
40DISPERE000,,,0.0,NOT_FOUND,[],,,,,,,,,
40DIXSEPT680,,,0.0,NOT_FOUND,[],,,,,,,,,
40DLP0000000,,,0.0,NOT_FOUND,[],,,,,,,,,
40DOLE000000,,,0.0,NOT_FOUND,[],,,,,,,,,
40DREAM00000,,,0.0,NOT_FOUND,[],,,,,,,,,
40DREVIN0000,48395229700016,SNDE SOCIETE NOUVELLE DREVIN EXOTICS,1.0,DIRECT_ID,[],,,,,,,,,
40DUCAYTRPS0,,,0.0,NOT_FOUND,[],,,,,,,,,
40DUMONT TRP,,,0.0,NOT_FOUND,[],,,,,,,,,
40DYNA000000,,,0.0,NOT_FOUND,[],,,,,,,,,
40DYNAMIS000,42429866900096,GROUPE DYNAMIS,1.0,DIRECT_ID,[],,,,,,,,,
40DYSPRINT00,88129151200013,LYSINT,0.95,STRICT_LOCAL,[],,,,,,,,,
40EASY000000,,,0.0,NOT_FOUND,[],,,,,,,,,
40ECOCER0000,43396818700016,ECOCERT FRANCE,1.0,DIRECT_ID,[],,,,,,,,,
40ECOEM00000,,,0.0,NOT_FOUND,[],,,,,,,,,
40ECOVADIS00,49784291400051,ECOVADIS,1.0,CALCULATED,[],,,,,,,,,
40EDEIS00000,44464953700057,EDEIS INGENIERIE,1.0,DIRECT_ID,[],,,,,,,,,
40EDELVI0000,,,0.0,NOT_FOUND,[],,,,,,,,,
40EDENKIA000,78419529900143,INDEXEO,1.0,DIRECT_ID,[],,,,,,,,,
40EDENRED000,,,0.0,NOT_FOUND,[],,,,,,,,,
40EDITIONSLE,,,0.0,NOT_FOUND,[],,,,,,,,,
40EIFFAGE000,42054064300251,EIFFAGE ENERGIE SYSTEMES - ILE DE FRANCE,1.0,DIRECT_ID,[],,,,,,,,,
40ELECTRICIT,49278553000030,ELECTRICITE GARDOISE,0.95,STRICT_LOCAL,[],,,,,,,,,
40ELIPS00000,,,0.0,NOT_FOUND,[],,,,,,,,,
40ELITEFRUIT,37912144500041,ELITE FRUITS,1.0,DIRECT_ID,[],,,,,,,,,
40ELQUI00000,,,0.0,NOT_FOUND,[],,,,,,,,,
40EMBRUNS000,42862169200014,LA MER,1.0,DIRECT_ID,[],,,,,,,,,
40EMYSERVICE,,,0.0,NOT_FOUND,[],,,,,,,,,
40ENTHALPIA0,70202151000202,MENWAY EMPLOI IDF,1.0,DIRECT_ID,[],,,,,,,,,
40ENTHALPIAS,44081559500309,ENTHALPIA SUD OUEST,1.0,DIRECT_ID,[],,,,,,,,,
40ENTRE2MERS,,,0.0,NOT_FOUND,[],,,,,,,,,
40EPMCONNECT,,,0.0,NOT_FOUND,[],,,,,,,,,
40ERIKTR0000,39797709100032,ERIKTRANS,0.95,STRICT_LOCAL,[],,,,,,,,,
40ESAT000000,78553462900049,A R P E I,1.0,DIRECT_ID,[],,,,,,,,,
40ESCANDE000,,,0.0,NOT_FOUND,[],,,,,,,,,
40ESTIVI0000,38397199100013,PRIMEVER TOURS,1.0,DIRECT_ID,[],,,,,,,,,
40ESTIVIN000,38366955300018,ESTIVIN GROUPE HOLDING FINANCE,1.0,DIRECT_ID,[],,,,,,,,,
40ETAVE00000,,,0.0,NOT_FOUND,[],,,,,,,,,
40ETIQUETTEA,,,0.0,NOT_FOUND,[],,,,,,,,,
40EUREKABUR0,81341719300030,EUREKA BUREAUTIQUE,0.95,STRICT_LOCAL,[],,,,,,,,,
40EURLSTM000,81211448600010,SERVICES TRANSPORTS MANUTENTION,1.0,DIRECT_ID,[],,,,,,,,,
40EUROCLEAN0,,,0.0,NOT_FOUND,[],,,,,,,,,
40EUROFI0000,42319089100022,EUROFINS ANALYTICS FRANCE,1.0,DIRECT_ID,[],,,,,,,,,
40EUROFINAGR,42319089100022,EUROFINS ANALYTICS FRANCE,1.0,DIRECT_ID,[],,,,,,,,,
40EUROFINMIC,,,0.0,NOT_FOUND,[],,,,,,,,,
40EUROLO0000,39318317300011,EUROLOGISTIC PROVENCE,0.95,STRICT_LOCAL,[],,,,,,,,,
40EUROSUD000,,,0.0,NOT_FOUND,[],,,,,,,,,
40EUROVESTIA,,,0.0,NOT_FOUND,[],,,,,,,,,
40EVARISK000,81217018100018,OVALIS,0.95,STRICT_LOCAL,[],,,,,,,,,
40EVENEM0000,,,0.0,NOT_FOUND,[],,,,,,,,,
40EXOFRUTAS0,91053892500017,EXOFRUTAS,0.95,STRICT_LOCAL,[],,,,,,,,,
40FAST000000,80528250600015,FA SERVICE TRANSPORT,1.0,DIRECT_ID,[],,,,,,,,,
40FB00000000,,,0.0,NOT_FOUND,[],,,,,,,,,
40FCOMEX0000,,,0.0,NOT_FOUND,[],,,,,,,,,
40FDREMB0000,32078762500039,FDR EMBALLAGES,1.0,DIRECT_ID,[],,,,,,,,,
40FEDEX00000,,,,,,,,,,,,,,OutOfMemoryException: Out of Memory Error: Allocation failure
40FENWIC0000,34893638600526,FENWICK-LINDE,0.6,GEMINI_ARBITER,"[""85119830900011""]",,,,,,,,,
40FERALCO000,,,,,,,,,,,,,,OutOfMemoryException: Out of Memory Error: Allocation failure
40FERMATELEC,,,,,,,,,,,,,,OutOfMemoryException: Out of Memory Error: Allocation failure
40FERTIVERT0,44497922300013,FERTIVERT,1.0,DIRECT_ID,[],,,,,,,,,
40FIDUCI0000,55207230800067,GROUPE REVUE FIDUCIAIRE,1.0,DIRECT_ID,[],,,,,,,,,
40FILHET0000,,,0.0,NOT_FOUND,[],,,,,,,,,
40FILOR00000,,,0.0,NOT_FOUND,[],,,,,,,,,
40FILPAC0000,30995502900041,FILPACK,0.95,STRICT_LOCAL,[],,,,,,,,,
40FLEMBALL00,,,0.0,NOT_FOUND,[],,,,,,,,,
40FLEUR00000,31491098500071,FLOWER SYSTEMS,1.0,DIRECT_ID,[],,,,,,,,,
40FLEXOCOLOR,32924566600030,FLEXOCOLOR,1.0,DIRECT_ID,[],,,,,,,,,
40FLV0000000,,,0.0,NOT_FOUND,[],,,,,,,,,
40FORNEL0000,73182005600075,FORNEL FRERES,1.0,DIRECT_ID,[],,,,,,,,,
40FOURNIE000,,,0.0,NOT_FOUND,[],,,,,,,,,
40FRANCEFOOD,31613712400046,FRANCE FOOD,1.0,DIRECT_ID,[],,,,,,,,,
40FRANCEPROT,79160310300023,FRANCE PROTECTION FOUDRE,1.0,DIRECT_ID,[],,,,,,,,,
40FRANIMCOM0,,,,,,,,,,,,,,OutOfMemoryException: Out of Memory Error: Allocation failure
40FRANK00000,,,0.0,NOT_FOUND,[],,,,,,,,,
40FREEMOVE00,,,0.0,NOT_FOUND,[],,,,,,,,,
40FRERET0000,,,,,,,,,,,,,,OutOfMemoryException: Out of Memory Error: Allocation failure
40FRESHLOG00,,,,,,,,,,,,,,OutOfMemoryException: Out of Memory Error: Allocation failure
40FRIGOR0000,,,0.0,NOT_FOUND,[],,,,,,,,,
40FRUCTI0000,,,0.0,NOT_FOUND,[],,,,,,,,,
40FRUIDO0000,56208974800395,FRUIDOR,1.0,DIRECT_ID,[],,,,,,,,,
40FRUITALIES,81103876900014,FRUITALIES,0.95,STRICT_LOCAL,[],,,,,,,,,
40FRUITCOM00,49392738800022,888 FRUIT COMPANY,1.0,DIRECT_ID,[],,,,,,,,,
40GABIN00000,,,0.0,NOT_FOUND,[],,,,,,,,,
40GAEC000000,39068712700014,SCEA DU BOSC-BARRAT,1.0,DIRECT_ID,[],,,,,,,,,
40GAIAINTER0,37933294300024,HA INTERNATIONAL,0.95,STRICT_LOCAL,[],,,,,,,,,
40GALILEEEXP,53870390100040,GALILEE - EXPORT AGRICULTURAL COOPERATIVE SOCIETY LTD,1.0,DIRECT_ID,[],,,,,,,,,
40GARAGESIGH,43788894400026,GARAGE SIGHINOLFI,0.9,CALCULATED,[],,,,,,,,,
40GASCOOP000,,,0.0,NOT_FOUND,[],,,,,,,,,
40GAUDIO0000,31755278400041,SA DEL GAUDIO,1.0,DIRECT_ID,[],,,,,,,,,
40GBS0000000,,,0.0,NOT_FOUND,[],,,,,,,,,
40GENFA00000,,,0.0,NOT_FOUND,[],,,,,,,,,
40GERBAU0000,,,0.0,NOT_FOUND,[],,,,,,,,,
40GIPAC00000,,,0.0,NOT_FOUND,[],,,,,,,,,
40GIRODMEDIC,,,0.0,NOT_FOUND,[],,,,,,,,,
40GLOBALANIM,,,0.0,NOT_FOUND,[],,,,,,,,,
40GLOBALPRES,,,0.0,NOT_FOUND,[],,,,,,,,,
40GLOBE00000,,,0.0,NOT_FOUND,[],,,,,,,,,
40GMT1300000,91214036500012,GMT 13,1.0,DIRECT_ID,[],,,,,,,,,
40GOEMBA0000,42954041200013,GO EMBAL PLATEAUX CARTON,1.0,DIRECT_ID,[],,,,,,,,,
40GOSTICK000,44236162200016,GO'STICK,1.0,DIRECT_ID,[],,,,,,,,,
40GOWLING000,52269560000026,GOWLING WLG FRANCE AARPI,1.0,DIRECT_ID,[],,,,,,,,,
40GRAFFIK000,,,0.0,NOT_FOUND,[],,,,,,,,,
40GRANDHOTEL,,,0.0,NOT_FOUND,[],,,,,,,,,
40GREEN2SN00,92067258100013,GREEN 2 SL,0.95,STRICT_LOCAL,[],,,,,,,,,
40GREENCABAN,79898911700014,THE GREEN CABANA,1.0,DIRECT_ID,[],,,,,,,,,
40GROUPAMA00,34311513500109,CAISSE NATIONALE DE REASSURANCE MUTUELLE AGRICOLE GROUPAMA,0.5,CALCULATED,[],,,,,,,,,
40GROUPEGRAP,48756902200063,GRAPHILYS,1.0,DIRECT_ID,[],,,,,,,,,
40GROUPEINDU,,,0.0,NOT_FOUND,[],,,,,,,,,
40GS10000000,30554567500046,GS1 FRANCE,1.0,DIRECT_ID,[],,,,,,,,,
40GSE0000000,,,0.0,NOT_FOUND,[],,,,,,,,,
40GUANTER000,64420078400028,GUANTER RODRIGUEZ,1.0,DIRECT_ID,[],,,,,,,,,
40GUIBERTTRA,37809774500020,GUIBERT TRANSPORTS,0.95,STRICT_LOCAL,[],,,,,,,,,
40GUIDEZ0000,,,0.0,NOT_FOUND,[],,,,,,,,,
40H2EAUX0000,34439436600019,H2EAUX SOLUTIONS,1.0,DIRECT_ID,[],,,,,,,,,
40HALLS00000,,,0.0,NOT_FOUND,[],,,,,,,,,
40HALLSFRANC,,,0.0,NOT_FOUND,[],,,,,,,,,
40HAMBURGFRA,,,0.0,NOT_FOUND,[],,,,,,,,,
40HAPAG00000,,,0.0,NOT_FOUND,[],,,,,,,,,
40HEINTZ0000,,,0.0,NOT_FOUND,[],,,,,,,,,
40HELFER0000,30249189900068,GEORGES HELFER SAS FRANCE,1.0,DIRECT_ID,[],,,,,,,,,
40HM DISTRIB,,,0.0,NOT_FOUND,[],,,,,,,,,
40HM00000000,,,0.0,NOT_FOUND,[],,,,,,,,,
40HOLI000000,40486661800030,ALTITUDE,1.0,DIRECT_ID,[],,,,,,,,,
40ICODIA0000,43247863400046,ICODIA,1.0,DIRECT_ID,[],,,,,,,,,
40ICONE00000,,,0.0,NOT_FOUND,[],,,,,,,,,
40IDAL000000,40920967300022,IDAL,1.0,DIRECT_ID,[],,,,,,,,,
40IDFEXPRESS,75038860500024,KIM EXPRESS,0.95,STRICT_LOCAL,[],,,,,,,,,
40IFCO000000,,,0.0,NOT_FOUND,[],,,,,,,,,
40IMAGO00000,,,0.0,NOT_FOUND,[],,,,,,,,,
40IMPACKT000,,,0.0,NOT_FOUND,[],,,,,,,,,
40IMSCLOUD00,34415476000054,INFORMATIQUE MARKETING SYSTEM,1.0,DIRECT_ID,[],,,,,,,,,
40INDIANA000,,,0.0,NOT_FOUND,[],,,,,,,,,
40INFOFR0000,,,0.0,NOT_FOUND,[],,,,,,,,,
40INFRONT000,,,0.0,NOT_FOUND,[],,,,,,,,,
40INGETOUR00,,,0.0,NOT_FOUND,[],,,,,,,,,
40INOVACOM00,,,0.0,NOT_FOUND,[],,,,,,,,,
40INPACO0000,33478531800018,INPACO SARL,1.0,DIRECT_ID,[],,,,,,,,,
40INTERFEL00,,,0.0,NOT_FOUND,[],,,,,,,,,
40INTERPROVE,,,0.0,NOT_FOUND,[],,,,,,,,,
40IPAM000000,48047662100010,IPAM INDUSTRIE,1.0,DIRECT_ID,[],,,,,,,,,
40IRISCONTRO,,,0.0,NOT_FOUND,[],,,,,,,,,
40ISLAND0000,47757756300026,TROPIC ISLAND,1.0,DIRECT_ID,[],,,,,,,,,
40ISOGARD000,,,0.0,NOT_FOUND,[],,,,,,,,,
40ISOR000000,84484140300034,ISOR EXPLOITATION,1.0,DIRECT_ID,[],,,,,,,,,
40ITD0000000,39019334000044,I.T.D INTERNATIONAL TRANSPORT DOS SANTOS,1.0,DIRECT_ID,[],,,,,,,,,
40ITPRECY000,,,0.0,NOT_FOUND,[],,,,,,,,,
40JCFRANCE00,41374604100024,J C FRANCE,1.0,DIRECT_ID,[],,,,,,,,,
40JCN0000000,80245318300013,TRANS JCN,1.0,DIRECT_ID,[],,,,,,,,,
40JFIMPR0000,35060157100044,JF IMPRESSIONS,1.0,DIRECT_ID,[],,,,,,,,,
40JOANNESDIS,53931228000024,JOANNES DISTRIBUTION,1.0,DIRECT_ID,[],,,,,,,,,
40JOBAGROALI,30324182200012,ASS EMPLOI CADRE INGENIEUR TECH AGRICUL,1.0,DIRECT_ID,[],,,,,,,,,
40JOMA000000,47914454500023,JOMA,1.0,DIRECT_ID,[],,,,,,,,,
40JPCETIQUET,81862348000014,JPC ETIQUETTES,1.0,DIRECT_ID,[],,,,,,,,,
40JPECSERVIC,95335021200015,J.PEC SERVICES,1.0,DIRECT_ID,[],,,,,,,,,
40JULIELESAI,,,0.0,NOT_FOUND,[],,,,,,,,,
40JUNG000000,,,0.0,NOT_FOUND,[],,,,,,,,,
40JURINE0000,,,0.0,NOT_FOUND,[],,,,,,,,,
40JURIT00000,,,0.0,NOT_FOUND,[],,,,,,,,,
40JUVISY0000,,,0.0,NOT_FOUND,[],,,,,,,,,
40KALHYGE000,97150357800397,KALHYGE 1,0.95,STRICT_LOCAL,[],,,,,,,,,
40KANTAR0000,34022272800032,CSE KANTAR,0.6,CALCULATED,[],,,,,,,,,
40KATOPE0000,31847752800117,GREENYARD FRESH FRANCE,1.0,DIRECT_ID,[],,,,,,,,,
40KERSIA0000,,,0.0,NOT_FOUND,[],,,,,,,,,
40KISSAO0000,79965110400025,KISSAO,1.0,DIRECT_ID,[],,,,,,,,,
40KIWA000000,,,0.0,NOT_FOUND,[],,,,,,,,,
40KOLLAPERPI,81295845200029,CONSORTIUM FRESH NATURE,1.0,DIRECT_ID,[],,,,,,,,,
40KRC0000000,,,0.0,NOT_FOUND,[],,,,,,,,,
40LABAEYE000,,,0.0,NOT_FOUND,[],,,,,,,,,
40LABDEPARTG,,,0.0,NOT_FOUND,[],,,,,,,,,
40LABELSTICK,43287298400021,LABEL STICK,0.95,STRICT_LOCAL,[],,,,,,,,,
40LABOHUMEAU,,,0.0,NOT_FOUND,[],,,,,,,,,
40LACOUR0000,,,0.0,NOT_FOUND,[],,,,,,,,,
40LACOUREXOT,84513635700017,LACOUR EXOTIC INTERNATIONAL,1.0,DIRECT_ID,[],,,,,,,,,
40LACOURPER0,,,0.0,NOT_FOUND,[],,,,,,,,,
40LAGENCEM00,,,0.0,NOT_FOUND,[],,,,,,,,,
40LAMAREE000,,,0.0,NOT_FOUND,[],,,,,,,,,
40LANIS00000,,,0.0,NOT_FOUND,[],,,,,,,,,
40LAPEY00000,49384507700012,LAPEYRE LOGISTIQUE,1.0,DIRECT_ID,[],,,,,,,,,
40LAPOSTE000,35600000000048,LA POSTE,1.0,DIRECT_ID,[],,,,,,,,,
40LARUCHE000,,,0.0,NOT_FOUND,[],,,,,,,,,
40LATINA0000,82030486300021,LATINA QUALITY FOODS FRANCE,0.95,STRICT_LOCAL,[],,,,,,,,,
40LAURANCE00,,,0.0,NOT_FOUND,[],,,,,,,,,
40LAURELEC00,,,0.0,NOT_FOUND,[],,,,,,,,,
40LAURENTPAS,,,0.0,NOT_FOUND,[],,,,,,,,,
40LCBFOOD000,68665027600054,LCB FOOD SAFETY,1.0,DIRECT_ID,[],,,,,,,,,
40LEBLAN0000,,,0.0,NOT_FOUND,[],,,,,,,,,
40LEBLANC000,,,0.0,NOT_FOUND,[],,,,,,,,,
40LECABANON0,38747656700012,SCA LE CABANON,1.0,DIRECT_ID,[],,,,,,,,,
40LECERFPUBL,,,0.0,NOT_FOUND,[],,,,,,,,,
40LECHENE000,38504202300031,LE CHENE,1.0,DIRECT_ID,[],,,,,,,,,
40LEFEBVRE00,,,0.0,NOT_FOUND,[],,,,,,,,,
40LEFEBVREOL,,,0.0,NOT_FOUND,[],,,,,,,,,
40LEGROS0000,49798852700022,DEMENAGEMENTS LEGROS FILS,1.0,DIRECT_ID,[],,,,,,,,,
40LESATELIER,52921833100021,LES ATELIERS BRETONS SOLIDAIRES,1.0,DIRECT_ID,[],,,,,,,,,
40LESCALEDES,84948484500011,L'ESCALE DES ALPILLES,1.0,DIRECT_ID,[],,,,,,,,,
40LESECHOS00,,,0.0,NOT_FOUND,[],,,,,,,,,
40LETRANSPOR,,,0.0,NOT_FOUND,[],,,,,,,,,
40LETTRESADH,,,0.0,NOT_FOUND,[],,,,,,,,,
40LEVESQ0000,41832195600124,CABINET LEVESQUE,1.0,DIRECT_ID,[],,,,,,,,,
40LIDL000000,34326262204901,LIDL,1.0,DIRECT_ID,[],,,,,,,,,
40LIGNE2MIRE,,,0.0,NOT_FOUND,[],,,,,,,,,
40LINCOLN000,,,0.0,NOT_FOUND,[],,,,,,,,,
40LINK000000,53887894300025,LINK INTERIM,0.95,STRICT_LOCAL,[],,,,,,,,,
40LINKCAV000,,,0.0,NOT_FOUND,[],,,,,,,,,
40LINKCORBEI,,,0.0,NOT_FOUND,[],,,,,,,,,
40LMF0000000,,,0.0,NOT_FOUND,[],,,,,,,,,
40LOCAFONTAI,51015678900016,LOCAFONTAINE,1.0,DIRECT_ID,[],,,,,,,,,
40LOCOTRANS0,,,0.0,NOT_FOUND,[],,,,,,,,,
40LOGICBOX00,,,0.0,NOT_FOUND,[],,,,,,,,,
40LOGICOLIS0,89779941700018,LOGICOLIS,0.95,STRICT_LOCAL,[],,,,,,,,,
40LOGICOR000,,,0.0,NOT_FOUND,"[""80241789900035"", ""80243906700033"", ""80243913300033"", ""80243924000036"", ""80243928100030""]",,,,,,,,,
40LOIK000000,,,0.0,NOT_FOUND,[],,,,,,,,,
40LOPEZ00000,,,0.0,NOT_FOUND,[],,,,,,,,,
40LPR0000000,,,0.0,NOT_FOUND,[],,,,,,,,,
40LRBIO00000,,,0.0,NOT_FOUND,[],,,,,,,,,
40LSA0000000,,,0.0,NOT_FOUND,[],,,,,,,,,
40LTA0000000,,,0.0,NOT_FOUND,[],,,,,,,,,
40LUMIERE000,,,0.0,NOT_FOUND,[],,,,,,,,,
40LVFRUIT000,,,0.0,NOT_FOUND,[],,,,,,,,,
40LYRECO0000,,,0.0,NOT_FOUND,[],,,,,,,,,
40MACEO00000,84490949900015,MACEO PRIMEURS,1.0,DIRECT_ID,[],,,,,,,,,
40MADRIR0000,48491791900058,MADRIR,0.9,CALCULATED,[],,,,,,,,,
40MAGHEN0000,,,0.0,NOT_FOUND,[],,,,,,,,,
40MAINFREIGH,38272356700055,MAINFREIGHT FRANCE,1.0,DIRECT_ID,[],,,,,,,,,
40MAISONJD00,,,0.0,NOT_FOUND,[],,,,,,,,,
40MANASOFT00,,,0.0,NOT_FOUND,[],,,,,,,,,
40MANGANA000,,,0.0,NOT_FOUND,[],,,,,,,,,
40MANITEX000,50849595900027,MANITEX,1.0,CALCULATED,[],,,,,,,,,
40MANKO00000,88203447300026,MANKO,0.8,CALCULATED,[],,,,,,,,,
40MANO000000,,,0.0,NOT_FOUND,[],,,,,,,,,
40MANOVAD000,,,0.0,NOT_FOUND,[],,,,,,,,,
40MANPLUS000,,,0.0,NOT_FOUND,[],,,,,,,,,
40MANUTAN000,33466885200042,MANUTAN,1.0,DIRECT_ID,[],,,,,,,,,
40MARCOT0000,,,0.0,NOT_FOUND,[],,,,,,,,,
40MARFRET000,33983417800016,CIE MARITIME MARFRET,1.0,DIRECT_ID,[],,,,,,,,,
40MARKPAGE00,49981568600039,MARKPAGE,1.0,DIRECT_ID,[],,,,,,,,,
40MATCH00000,,,0.0,NOT_FOUND,[],,,,,,,,,
40MATISERE00,47928612200029,MATISERE,1.0,DIRECT_ID,[],,,,,,,,,
40MAUVERS000,,,0.0,NOT_FOUND,[],,,,,,,,,
40MAVISH0000,,,0.0,NOT_FOUND,[],,,,,,,,,
40MAXHAVELAA,,,0.0,NOT_FOUND,[],,,,,,,,,
40MAXI000000,,,0.0,NOT_FOUND,[],,,,,,,,,
40MAXIBURO00,40445149400045,MAXIBURO,1.0,DIRECT_ID,[],,,,,,,,,
40MC2PSYSTEM,92939269400014,MC2P - SYSTEM,1.0,DIRECT_ID,[],,,,,,,,,
40MCBATIMENT,,,0.0,NOT_FOUND,"[""31006901800086"", ""31006901800045""]",,,,,,,,,
40MCGESTION0,51062583300015,MC GESTION,1.0,DIRECT_ID,[],,,,,,,,,
40MCTH000000,,,0.0,NOT_FOUND,[],,,,,,,,,
40MDSDISTRIB,,,0.0,NOT_FOUND,[],,,,,,,,,
40MEDESSOR00,49964751900010,MED' ESSOR FRANCE,1.0,DIRECT_ID,[],,,,,,,,,
40MEDISAFE00,51956776200058,911,1.0,DIRECT_ID,[],,,,,,,,,
40MEHADRIN00,41034895700029,MEHADRIN INTERNATIONAL,1.0,DIRECT_ID,[],,,,,,,,,
40MERIAL0000,34523974300072,MERIAL,0.8,CALCULATED,[],,,,,,,,,
40MESGUE0000,32076016800056,TRANSPORTS J.H MESGUEN,1.0,DIRECT_ID,[],,,,,,,,,
40MESURE0000,,,0.0,NOT_FOUND,[],,,,,,,,,
40METAF00000,34939886700037,METAF,1.0,DIRECT_ID,[],,,,,,,,,
40MFRUITS000,51963291300033,M FRUITS,0.95,STRICT_LOCAL,[],,,,,,,,,
40MGD0000000,,,0.0,NOT_FOUND,[],,,,,,,,,
40MILES00000,39909847400030,MILES IMPORT,1.0,DIRECT_ID,[],,,,,,,,,
40MOBINOX000,40357329800011,MOB INOX,1.0,DIRECT_ID,[],,,,,,,,,
40MONLOU0000,,,0.0,NOT_FOUND,[],,,,,,,,,
40MONOPR0000,,,0.0,NOT_FOUND,"[""00572060200043"", ""80760875700025"", ""77570560102832"", ""55201802001808"", ""55208329701141""]",,,,,,,,,
40MONSTER000,,,0.0,NOT_FOUND,[],,,,,,,,,
40MOOREA0000,,,0.0,NOT_FOUND,[],,,,,,,,,
40MORATAL000,,,0.0,NOT_FOUND,[],,,,,,,,,
40MOREL00000,50499313000021,,1.0,DIRECT_ID,[],,,,,,,,,
40MSCFRANCE0,39054982200026,MSC - MEDITERRANEAN SHIPPING COMPANY FRANCE,1.0,DIRECT_ID,[],,,,,,,,,
40MUSEEOPI00,79096537000014,COUTELLERIE DE SAVOIE,1.0,DIRECT_ID,[],,,,,,,,,
40MYPE000000,84162546000040,MYPE,1.0,CALCULATED,[],,,,,,,,,
40MYWAY00000,81277055000026,MY WAY LOGISTICS,0.95,STRICT_LOCAL,[],,,,,,,,,
40N2C0000000,,,0.0,NOT_FOUND,"[""87833979500014""]",,,,,,,,,
40NATURALVI0,42871999100021,NATURALVI,0.7,CALCULATED,[],,,,,,,,,
40NATVIALARS,,,0.0,NOT_FOUND,[],,,,,,,,,
40NCISRUNGIS,53434272000016,NOUVELLE COMPAGNIE INDUSTRIELLE DE SERVICES RUNGIS,1.0,DIRECT_ID,[],,,,,,,,,
40NEOPOS0000,,,0.0,NOT_FOUND,[],,,,,,,,,
40NEOVIGIE00,82423957800019,NEOVIGIE,1.0,DIRECT_ID,[],,,,,,,,,
40NERGECO000,79941373700013,NERGECO PRODUCTION,0.6,CALCULATED,[],,,,,,,,,
40NESPR00000,38259782100737,NESPRESSO FRANCE,1.0,DIRECT_ID,[],,,,,,,,,
40NESSEMBALL,90080552400015,NESS EMBALLAGES,1.0,DIRECT_ID,[],,,,,,,,,
40NESSPACK00,90080552400015,NESS EMBALLAGES,1.0,DIRECT_ID,[],,,,,,,,,
40NETA000000,44951047800067,NETA,1.0,DIRECT_ID,[],,,,,,,,,
40NEUBAUER00,,,0.0,NOT_FOUND,[],,,,,,,,,
40NEXTRI0000,,,0.0,NOT_FOUND,[],,,,,,,,,
40NOELLEGAUD,48026601400459,VYV3 ILE-DE-FRANCE,1.0,DIRECT_ID,[],,,,,,,,,
40NORDNET000,,,0.0,NOT_FOUND,[],,,,,,,,,
40NORSUD0000,31579554200036,NORSUD,1.0,DIRECT_ID,[],,,,,,,,,
40NOSIBE0000,44299734200021,NOSIBE,1.0,DIRECT_ID,[],,,,,,,,,
40NOVOTEL000,,,0.0,NOT_FOUND,[],,,,,,,,,
40NTSPROMO00,,,0.0,NOT_FOUND,[],,,,,,,,,
40NUEVAVISTA,89520051700012,NUEVA VISTA,1.0,DIRECT_ID,[],,,,,,,,,
40OLIVER0000,59200501100040,ETABLISSEMENTS OLIVER,1.0,DIRECT_ID,[],,,,,,,,,
40OLIVIER000,30642027400020,SARL OLIVIER FRERES,1.0,DIRECT_ID,[],,,,,,,,,
40OMAPILABEL,,,0.0,NOT_FOUND,[],,,,,,,,,
40OMNITRANS0,89919158900014,OMNITRANS,1.0,CALCULATED,[],,,,,,,,,
40ONE0000000,,,0.0,NOT_FOUND,[],,,,,,,,,
40ONET000000,,,0.0,NOT_FOUND,[],,,,,,,,,
40OOCL000000,,,0.0,NOT_FOUND,[],,,,,,,,,
40ORANGE0000,,,0.0,NOT_FOUND,[],,,,,,,,,
40OTIS000000,54210780003935,OTIS,1.0,DIRECT_ID,[],,,,,,,,,
40OVH0000000,,,0.0,NOT_FOUND,[],,,,,,,,,
40PAMARTE000,,,0.0,NOT_FOUND,[],,,,,,,,,
40PAPESPALY0,,,0.0,NOT_FOUND,[],,,,,,,,,
40PARISCOPIE,37887500900060,SOC NOUVELLE PARISCOPIE,1.0,DIRECT_ID,[],,,,,,,,,
40PARISEEXPE,,,0.0,NOT_FOUND,[],,,,,,,,,
40PATIOVERDE,,,0.0,NOT_FOUND,[],,,,,,,,,
40PERRENOT00,,,0.0,NOT_FOUND,[],,,,,,,,,
40PESAGE0000,45311982800011,PESAGE 94,0.95,STRICT_LOCAL,[],,,,,,,,,
40PHENIX0000,,,0.0,NOT_FOUND,"[""75084530700016""]",,,,,,,,,
40PHILIANCE0,,,0.0,NOT_FOUND,[],,,,,,,,,
40PHILIP0000,,,0.0,NOT_FOUND,[],,,,,,,,,
40PHONERESO0,,,0.0,NOT_FOUND,[],,,,,,,,,
40PHYTOC0000,49002404900028,PHYTOCONTROL ANALYTICS FRANCE,1.0,DIRECT_ID,[],,,,,,,,,
40PIERRELOUT,,,0.0,NOT_FOUND,[],,,,,,,,,
40PITHON0000,53043499200026,PITHON & ASSOCIES,0.6,CALCULATED,[],,,,,,,,,
40PLANQUOIS0,83356198800019,,1.0,DIRECT_ID,[],,,,,,,,,
40PLANTA0000,,,0.0,NOT_FOUND,[],,,,,,,,,
40PMS0000000,,,0.0,NOT_FOUND,[],,,,,,,,,
40POMONA0000,52985031500050,POMONA FOODTRADE,1.0,DIRECT_ID,[],,,,,,,,,
40POMONABOUR,,,0.0,NOT_FOUND,[],,,,,,,,,
40POMONATERR,55204499202622,POMONA,1.0,DIRECT_ID,[],,,,,,,,,
40PORSCHE000,,,0.0,NOT_FOUND,[],,,,,,,,,
40PORTES ACC,33469181300052,WESTFALIA FRUIT FRANCE,1.0,DIRECT_ID,[],,,,,,,,,
40PREFECTURE,,,0.0,NOT_FOUND,[],,,,,,,,,
40PREMIUMTRA,53489852300020,PREMIUM TRADING,0.95,STRICT_LOCAL,[],,,,,,,,,
40PRESTANIM0,,,0.0,NOT_FOUND,[],,,,,,,,,
40PRIMEURCOU,52988239100012,PRIMEURS COURTAGE,1.0,DIRECT_ID,[],,,,,,,,,
40PRIMEURS S,,,0.0,NOT_FOUND,[],,,,,,,,,
40PRIMEURSER,,,0.0,NOT_FOUND,[],,,,,,,,,
40PRIMEVER00,49798419500014,PRIMEVER ILE DE FRANCE,1.0,DIRECT_ID,[],,,,,,,,,
40PRIMEVERAG,83116199700018,PRIMEVER ILE DE FRANCE LOGISTIQUE,1.0,DIRECT_ID,[],,,,,,,,,
40PRIMEVERCA,,,0.0,NOT_FOUND,[],,,,,,,,,
40PRIMEVEREU,89479457700011,PRIMEVER EUROPE,1.0,DIRECT_ID,[],,,,,,,,,
40PRIMEVERIN,81115636300020,PRIMEVER INTERNATIONAL,1.0,DIRECT_ID,[],,,,,,,,,
40PRIMEVERPR,79006356400070,PRIMEVER PROVENCE,1.0,DIRECT_ID,[],,,,,,,,,
40PRIMEVERRO,43963656400049,PRIMEVER ROUSSILLON,1.0,DIRECT_ID,[],,,,,,,,,
40PRIMEVERTO,38397199100013,PRIMEVER TOURS,1.0,DIRECT_ID,[],,,,,,,,,
40PRIMEVMEDI,95750830200073,PRIMEVER LOGISTIQUE MEDITERRANEE,1.0,DIRECT_ID,[],,,,,,,,,
40PRIMHERPOR,,,0.0,NOT_FOUND,[],,,,,,,,,
40PRIMOUEST0,69201160400042,PRIMOUEST IMPEX,1.0,DIRECT_ID,[],,,,,,,,,
40PRODELEC00,82003751300018,PROD-ELEC MAINTENANCE,0.95,STRICT_LOCAL,[],,,,,,,,,
40PRODELEXOA,,,0.0,NOT_FOUND,[],,,,,,,,,
40PRODIS0000,,,0.0,NOT_FOUND,[],,,,,,,,,
40PRODIVA000,,,0.0,NOT_FOUND,[],,,,,,,,,
40PROHACCP00,89338093100012,PROHACCP,1.0,DIRECT_ID,[],,,,,,,,,
40PROLOG0000,80827106800096,PROLOG SAS,1.0,DIRECT_ID,[],,,,,,,,,
40PROMAN1110,75074149800190,PROMAN 111,1.0,DIRECT_ID,[],,,,,,,,,
40PROMOBOX00,42297729800039,PROMOBOX,0.8,CALCULATED,"[""50135160500016"", ""89365987000032""]",,,,,,,,,
40PROMOUVOIR,,,0.0,NOT_FOUND,[],,,,,,,,,
40PRONATURA0,40180604700023,PRO NATURA,1.0,DIRECT_ID,[],,,,,,,,,
40PRONATURAR,40180604700114,PRO NATURA,1.0,DIRECT_ID,[],,,,,,,,,
40PROQUAI000,79171464500011,PROQUAI PARIS,1.0,DIRECT_ID,[],,,,,,,,,
40PROSOL0000,,,0.0,NOT_FOUND,[],,,,,,,,,
40PRUDENT000,65715007400026,DOMINIQUE PRUDENT,1.0,DIRECT_ID,[],,,,,,,,,
40PSG0000000,,,0.0,NOT_FOUND,[],,,,,,,,,
40PSL0000000,49115648500022,PSL FRANCE,1.0,DIRECT_ID,[],,,,,,,,,
40PUBLIART00,42823403300036,PUBLIART,1.0,DIRECT_ID,[],,,,,,,,,
40PUECHMONTA,45226526700016,PUECH MONTANA,1.0,DIRECT_ID,[],,,,,,,,,
40PUJOL00000,,,0.0,NOT_FOUND,[],,,,,,,,,
40PULPFRUITS,,,0.0,NOT_FOUND,[],,,,,,,,,
40PVH0000000,,,0.0,NOT_FOUND,[],,,,,,,,,
40PWC0000000,67200648300362,PRICEWATERHOUSECOOPERS AUDIT,1.0,DIRECT_ID,[],,,,,,,,,
40QAPAINTERI,,,0.0,NOT_FOUND,[],,,,,,,,,
40RANDSTAD00,,,0.0,NOT_FOUND,[],,,,,,,,,
40RAS0000000,,,0.0,NOT_FOUND,[],,,,,,,,,
40RAYSER0000,,,0.0,NOT_FOUND,[],,,,,,,,,
40RCTRADING0,83224731600025,RC TRADING,1.0,DIRECT_ID,[],,,,,,,,,
40RDT0000000,,,0.0,NOT_FOUND,[],,,,,,,,,
40RECYDIS000,47829429100016,RECYDIS,1.0,DIRECT_ID,[],,,,,,,,,
40RECYGO0000,,,0.0,NOT_FOUND,[],,,,,,,,,
40REFALY0000,52924172100024,REFALY,1.0,CALCULATED,[],,,,,,,,,
40REFLEXE000,43956883300040,REFLEX INSERIM,1.0,DIRECT_ID,[],,,,,,,,,
40REGALI0000,,,0.0,NOT_FOUND,[],,,,,,,,,
40REGIEDESEA,,,0.0,NOT_FOUND,[],,,,,,,,,
40REGISTER00,,,0.0,NOT_FOUND,[],,,,,,,,,
40RENTO00000,,,0.0,NOT_FOUND,[],,,,,,,,,
40RESTAUPRO0,,,0.0,NOT_FOUND,[],,,,,,,,,
40RETAIL0000,,,0.0,NOT_FOUND,"[""98208464200015""]",,,,,,,,,
40REUSSIR000,38830863700056,REUSSIR,1.0,DIRECT_ID,[],,,,,,,,,
40REY0000000,55420081600383,PHILIPPE REY SA-TRANSIT TRANSPORTS,1.0,DIRECT_ID,[],,,,,,,,,
40RG FRANCE0,,,0.0,NOT_FOUND,[],,,,,,,,,
40RIBEGROUPE,50082937900014,RIBEGROUPE,1.0,DIRECT_ID,[],,,,,,,,,
40RIVERCHELL,33214896400098,RIVERCHELLES,0.8,CALCULATED,"[""49028236500033""]",,,,,,,,,
40RNT0000000,,,0.0,NOT_FOUND,[],,,,,,,,,
40ROADFROID0,,,0.0,NOT_FOUND,[],,,,,,,,,
40ROBERT0000,34026995000010,SARL LE MAS ROBERTY,1.0,DIRECT_ID,[],,,,,,,,,
40ROUX000000,30717862400010,ETABLISSEMENTS ROUX SARL,1.0,DIRECT_ID,[],,,,,,,,,
40ROYALEXO00,,,0.0,NOT_FOUND,[],,,,,,,,,
40RUINART000,,,0.0,NOT_FOUND,"[""43140590100015"", ""35356600300011""]",,,,,,,,,
40RUNGIS0000,,,0.0,NOT_FOUND,[],,,,,,,,,
40RUNGISEMBA,,,0.0,NOT_FOUND,[],,,,,,,,,
40RUNGISIMPR,,,0.0,NOT_FOUND,[],,,,,,,,,
40RUNGISLOG0,84000040000019,RUNGIS LOGISTIQUE,1.0,DIRECT_ID,[],,,,,,,,,
40SAFMARINEF,,,0.0,NOT_FOUND,[],,,,,,,,,
40SAGE000000,31396612900857,SAGE,1.0,DIRECT_ID,[],,,,,,,,,
40SAICAPACK0,,,0.0,NOT_FOUND,[],,,,,,,,,
40SAINT00000,63732026800062,ETABLISSEMENT LE SAINT FRUITS LEGUMES,1.0,DIRECT_ID,[],,,,,,,,,
40SALMODIS00,,,0.0,NOT_FOUND,[],,,,,,,,,
40SAMSON0000,,,0.0,NOT_FOUND,[],,,,,,,,,
40SAP0000000,39934148600013,SOCIETE ST ANDRE PLASTIQUE,1.0,DIRECT_ID,[],,,,,,,,,
40SATAR00000,,,0.0,NOT_FOUND,[],,,,,,,,,
40SATFER0000,71420147200152,SATFER FRANCE,1.0,DIRECT_ID,[],,,,,,,,,
40SATREM0000,49367891600088,CLF,1.0,DIRECT_ID,[],,,,,,,,,
40SAVEUR0000,,,0.0,NOT_FOUND,[],,,,,,,,,
40SAVPR00000,,,0.0,NOT_FOUND,[],,,,,,,,,
40SBE0000000,,,0.0,NOT_FOUND,[],,,,,,,,,
40SBIPRODUIT,88123019700017,SBI PRODUITS,1.0,DIRECT_ID,[],,,,,,,,,
40SCACENTRE0,33810722000018,SCACENTRE,1.0,DIRECT_ID,[],,,,,,,,,
40SCACHA0000,30959916500011,CENTRA APPROVI CHARENT POITOU,1.0,DIRECT_ID,[],,,,,,,,,
40SCADIF0000,41457055600020,SADI,0.95,STRICT_LOCAL,[],,,,,,,,,
40SCALANDES0,,,0.0,NOT_FOUND,"[""50833471100019""]",,,,,,,,,
40SCAMARK000,41097050300026,SCAMARK,1.0,DIRECT_ID,[],,,,,,,,,
40SCANORMAND,31949395300016,COOPERATIVE D'APPROVISIONNEMENT NORMANDE,1.0,DIRECT_ID,[],,,,,,,,,
40SCAOUEST00,00708002100012,SOCIETE COOPERATIVE D'APPROVISIONNEMENT DE L'OUEST,1.0,DIRECT_ID,[],,,,,,,,,
40SCAPAL0000,33438229800019,SCAPALSACE,1.0,DIRECT_ID,[],,,,,,,,,
40SCAPAR0000,38163433600022,SOCIETE COOPERATIVE D'APPROVISIONNEMENT DE LA REGION DE L'ARTOIS SCAPARTOIS,1.0,DIRECT_ID,[],,,,,,,,,
40SCAPES0000,30198615400039,SOCIETE COOPERATIVE D'APPROVISIONNEMENT PARIS-EST,1.0,DIRECT_ID,[],,,,,,,,,
40SCAPNO0000,71820061100025,SOC COOP APPROVISIONNEMENT PARIS NORD,1.0,DIRECT_ID,[],,,,,,,,,
40SCARMOR000,63702081900016,SOC CENTRALE APPROVISIONNEMENT ARMORIQUE,1.0,DIRECT_ID,[],,,,,,,,,
40SCASO00000,59695013900045,SOC CENTRALE APPROVISION SUD OUEST,1.0,DIRECT_ID,[],,,,,,,,,
40SCHIEVE000,34278683700118,SCHIEVER DISTRIBUTION,1.0,DIRECT_ID,[],,,,,,,,,
40SCHWEYER00,30544525600046,SCHWEYER SAS,0.6,CALCULATED,[],,,,,,,,,
40SCOFEL0000,31266869200188,AUCHAN RETAIL AGRO,1.0,DIRECT_ID,[],,,,,,,,,
40SEAFRI0000,,,0.0,NOT_FOUND,"[""49375944300093"", ""83868781200050"", ""48535170400161"", ""82359697800036"", ""90992296500019""]",,,,,,,,,
40SEALAN0000,31256166500141,MAERSK FRANCE,1.0,DIRECT_ID,[],,,,,,,,,
40SEALOGIS00,,,0.0,NOT_FOUND,[],,,,,,,,,
40SEASECURE0,98481763500019,WE SECURE,0.95,STRICT_LOCAL,[],,,,,,,,,
40SECURICOM0,39201336300040,SECURICOM SARL,1.0,DIRECT_ID,[],,,,,,,,,
40SECURIMED0,33442860400055,SECURIMED,1.0,DIRECT_ID,[],,,,,,,,,
40SEDIFEL000,,,0.0,NOT_FOUND,[],,,,,,,,,
40SEDIFRAIS0,34150085800079,SEDIFRAIS,1.0,DIRECT_ID,[],,,,,,,,,
40SELECT0000,32514147100012,SELECT AGRUMES,1.0,DIRECT_ID,[],,,,,,,,,
40SEMMAR0000,66201249100012,SOCIETE D ECONOMIE MIXE D AMENAGEMENT ET DE GESTION DU MARCHE D INTERET NATIONAL DE LA REGION.... SUITE EN OBSERVATION,1.0,DIRECT_ID,[],,,,,,,,,
40SEREMAT000,,,0.0,NOT_FOUND,[],,,,,,,,,
40SERIA00000,41444447100034,SERIA,1.0,CALCULATED,"[""75243045400021""]",,,,,,,,,
40SERREPILAI,,,0.0,NOT_FOUND,[],,,,,,,,,
40SERVICEO00,,,0.0,NOT_FOUND,[],,,,,,,,,
40SETON00000,,,0.0,NOT_FOUND,[],,,,,,,,,
40SHERYCO000,,,0.0,NOT_FOUND,[],,,,,,,,,
40SHOPIX0000,31943832100055,OUTILLAGE DE ST ETIENNE,1.0,DIRECT_ID,[],,,,,,,,,
40SID0000000,68203649600037,SOCIETE INDUSTRIELLE DE DIFFUSION,1.0,DIRECT_ID,[],,,,,,,,,
40SIGEM00000,,,0.0,NOT_FOUND,[],,,,,,,,,
40SIGNALS000,,,0.0,NOT_FOUND,[],,,,,,,,,
40SIIM000000,31346819100082,SIIM - SOCIETE INTERNATIONALE D'IMPORTATION,1.0,DIRECT_ID,[],,,,,,,,,
40SIIMBELGIQ,,,0.0,NOT_FOUND,[],,,,,,,,,
40SILVER0000,,,0.0,NOT_FOUND,[],,,,,,,,,
40SIMPLENEW0,,,0.0,NOT_FOUND,[],,,,,,,,,
40SKYFRESH00,85006152400011,M2F LOGISTICS,1.0,DIRECT_ID,[],,,,,,,,,
40SM TRANPO0,42153570900024,TRANSPORTS S.M,1.0,DIRECT_ID,[],,,,,,,,,
40SM TRANSPO,,,0.0,NOT_FOUND,[],,,,,,,,,
40SMIFCI0000,37950943300049,SERVICE DE MAINTENANCE ET D'INSTALLATION EN FROID COMMERCIAL ET INDUSTRIEL,1.0,DIRECT_ID,[],,,,,,,,,
40SMURFIT000,49325490800095,SMURFIT WESTROCK FRANCE,1.0,DIRECT_ID,[],,,,,,,,,
40SOCAFNA000,42819519200060,SOCIETE AFFRETEMENTS NATIONAUX,1.0,DIRECT_ID,[],,,,,,,,,
40SOCAMA0000,30601530600013,SOCAMAINE,1.0,DIRECT_ID,[],,,,,,,,,
40SOCAMI0000,31315129200056,SOC COOPERATIVE SOCAMIL,1.0,DIRECT_ID,[],,,,,,,,,
40SOCARA0000,,,0.0,NOT_FOUND,[],,,,,,,,,
40SOCOMO0000,,,0.0,NOT_FOUND,[],,,,,,,,,
40SODIEXVAL0,33445929400040,SOCIETE DE DISTRIBUTION EXPRESSE A VOCATION ALIMENTAIRE SODIEXVAL,1.0,DIRECT_ID,[],,,,,,,,,
40SOLEV00000,49389629400029,SOLEV,1.0,DIRECT_ID,[],,,,,,,,,
40SOLSIGN000,,,0.0,NOT_FOUND,[],,,,,,,,,
40SOLUWAN000,,,0.0,NOT_FOUND,[],,,,,,,,,
40SOLYIMPORT,77983234400070,SA SOLY IMPORT,1.0,DIRECT_ID,[],,,,,,,,,
40SOLYNATURE,,,0.0,NOT_FOUND,[],,,,,,,,,
40SOPANO0000,52509180700020,SOPANO,1.0,DIRECT_ID,[],,,,,,,,,
40SOPRIDE000,,,0.0,NOT_FOUND,[],,,,,,,,,
40SORMAF0000,,,0.0,NOT_FOUND,[],,,,,,,,,
40SOSDEBARRA,33469181300052,WESTFALIA FRUIT FRANCE,1.0,DIRECT_ID,[],,,,,,,,,
40SOTRAC0000,35026958500096,SOTRACOM AIR TRANSIT,1.0,DIRECT_ID,[],,,,,,,,,
40SOVITRAT00,48414077700018,SOVITRAT 06,1.0,CALCULATED,"[""89023177200017"", ""80489590200018"", ""80489592800013"", ""80525646800010"", ""83174055000015""]",,,,,,,,,
40SOVITRAT23,80489592800039,SOVITRAT 23,1.0,DIRECT_ID,[],,,,,,,,,
40SOVITRAT50,99902918400010,SOVITRAT 70,1.0,CALCULATED,"[""91023403800016"", ""89023169900012"", ""89023172300010"", ""89023177200017"", ""89023178000010""]",,,,,,,,,
40SOVITRAT59,82323384600018,SOVITRAT 29,1.0,CALCULATED,"[""89023169900012"", ""89023172300010"", ""89023177200017"", ""89023178000010"", ""89023180600013""]",,,,,,,,,
40SOVITRAT61,91019331700021,SOVITRAT 61,1.0,DIRECT_ID,[],,,,,,,,,
40SPORTCAR00,51007464400020,SPORT  CAR SERVICES,1.0,DIRECT_ID,[],,,,,,,,,
40SPORTFIVE0,,,0.0,NOT_FOUND,"[""87380345600094"", ""51890228300044"", ""35085768600082""]",,,,,,,,,
40SPRING0000,99882350432178,ADECCO FRANCE,1.0,DIRECT_ID,[],,,,,,,,,
40SRDTRANSPO,50741436500035,SOCIETE RUNGIS DEGROUPAGE & TRANSPORTS,1.0,DIRECT_ID,[],,,,,,,,,
40STADEBREST,39973966300074,STADE BRESTOIS 29,1.0,DIRECT_ID,[],,,,,,,,,
40STAO000000,44848001200021,SOLUTECHNIC ADIS OUEST,1.0,DIRECT_ID,[],,,,,,,,,
40STARFRET00,49468449100041,STAR FRET,1.0,DIRECT_ID,[],,,,,,,,,
40STEF TRANS,,,0.0,NOT_FOUND,[],,,,,,,,,
40STEF000000,31360913300050,STEF INFORMATION ET TECHNOLOGIES,1.0,DIRECT_ID,[],,,,,,,,,
40STIL000000,42466348200042,SOCIETE DE THERMOMETRIE INDUSTRIELLE ET DE LABORATOIRE,1.0,DIRECT_ID,[],,,,,,,,,
40STILL00000,34893701200469,STILL,1.0,DIRECT_ID,[],,,,,,,,,
40STMBIO0000,,,0.0,NOT_FOUND,[],,,,,,,,,
40STRATELIS0,,,0.0,NOT_FOUND,[],,,,,,,,,
40STU0000000,51937705500024,SERVICES TRANSPORTS URGENT EN ABREGE S.T.U.,1.0,DIRECT_ID,[],,,,,,,,,
40STUDIOENTE,49989147100058,STUDIO EN TETE,0.95,STRICT_LOCAL,[],,,,,,,,,
40SUDAFRUIT0,,,0.0,NOT_FOUND,[],,,,,,,,,
40SUDANIMATI,87921816200011,SUD ANIMATIONS,1.0,DIRECT_ID,[],,,,,,,,,
40SUDFERALU0,81926244500029,SUD FER ALU,1.0,DIRECT_ID,[],,,,,,,,,
40SUDINTERIM,81106921000011,AYA INTERIM,0.95,STRICT_LOCAL,[],,,,,,,,,
40SUDRACKRAY,,,0.0,NOT_FOUND,[],,,,,,,,,
40SUEZ000000,,,0.0,NOT_FOUND,[],,,,,,,,,
40SUN7000000,79442356600015,SUN 7 FRUITS,1.0,DIRECT_ID,[],,,,,,,,,
40SUNELIS000,90128823300017,SUNELIS SERVICES,1.0,DIRECT_ID,[],,,,,,,,,
40SYMBIOSE00,79372796700010,SYMBIOSE,1.0,DIRECT_ID,[],,,,,,,,,
40SYNOMEGA00,45150428600027,SYNOMEGA,1.0,DIRECT_ID,[],,,,,,,,,
40SYSTEM0000,30460295600142,COOPERATIVE U,1.0,DIRECT_ID,[],,,,,,,,,
40SYSTEMELOG,,,0.0,NOT_FOUND,[],,,,,,,,,
40SYSTEMEUNA,,,0.0,NOT_FOUND,[],,,,,,,,,
40TACYCOM000,82145154900025,,1.0,DIRECT_ID,[],,,,,,,,,
40TANG000000,30624383300044,TANG FRERES,1.0,DIRECT_ID,[],,,,,,,,,
40TAXILISA00,,,0.0,NOT_FOUND,[],,,,,,,,,
40TBM0000000,,,0.0,NOT_FOUND,[],,,,,,,,,
40TDH0000000,,,0.0,NOT_FOUND,[],,,,,,,,,
40TDM0000000,,,0.0,NOT_FOUND,[],,,,,,,,,
40TDS0000000,,,0.0,NOT_FOUND,[],,,,,,,,,
40TECHNOISO0,,,0.0,NOT_FOUND,[],,,,,,,,,
40TECOBAT000,45141145800040,TECOBAT,1.0,DIRECT_ID,[],,,,,,,,,
40TEIE000000,39980957300047,TOUT ENVIRONNEMENT INFORMATIQUE EUROPEEN,1.0,DIRECT_ID,[],,,,,,,,,
40TEMSYS0000,,,0.0,NOT_FOUND,[],,,,,,,,,
40TENNIS0000,,,0.0,NOT_FOUND,[],,,,,,,,,
40TERRA00000,,,0.0,NOT_FOUND,[],,,,,,,,,
40TFR0000000,,,0.0,NOT_FOUND,[],,,,,,,,,
40TFT0000000,38310511100025,TFT,1.0,DIRECT_ID,[],,,,,,,,,
40THEOPHILE0,,,0.0,NOT_FOUND,[],,,,,,,,,
40TLPNEGOCE0,,,0.0,NOT_FOUND,[],,,,,,,,,
40TOM0000000,40444999300025,TOM,1.0,DIRECT_ID,[],,,,,,,,,
40TOMBAREL00,30581242200015,TOMBAREL,1.0,DIRECT_ID,[],,,,,,,,,
40TOPOFFICE0,,,0.0,NOT_FOUND,[],,,,,,,,,
40TOSET00000,,,0.0,NOT_FOUND,[],,,,,,,,,
40TPC0000000,,,0.0,NOT_FOUND,[],,,,,,,,,
40TPSARCENS0,32823418200017,TRANSPORTS ARCENS,0.95,STRICT_LOCAL,[],,,,,,,,,
40TPSSOULAGE,41927166300017,SOULAGE,1.0,DIRECT_ID,[],,,,,,,,,
40TRACEONE00,,,0.0,NOT_FOUND,[],,,,,,,,,
40TRADIF0000,38012045100030,TRADIF,1.0,DIRECT_ID,[],,,,,,,,,
40TRANS JCN0,80245318300013,TRANS JCN,1.0,DIRECT_ID,[],,,,,,,,,
40TRANSBENNE,,,0.0,NOT_FOUND,[],,,,,,,,,
40TRANSCAM00,,,0.0,NOT_FOUND,[],,,,,,,,,
40TRANSFERIN,,,0.0,NOT_FOUND,[],,,,,,,,,
40TRANSFO000,38225554500024,TRANSFO +,1.0,DIRECT_ID,[],,,,,,,,,
40TRANSGOUR0,33445929400040,SOCIETE DE DISTRIBUTION EXPRESSE A VOCATION ALIMENTAIRE SODIEXVAL,1.0,DIRECT_ID,[],,,,,,,,,
40TRANSITFRU,05781872600010,TRANSIT FRUITS,0.95,STRICT_LOCAL,[],,,,,,,,,
40TRANSLOG00,,,0.0,NOT_FOUND,[],,,,,,,,,
40TRANSPAREN,81523324200024,TRANSPARENCY-ONE,0.95,STRICT_LOCAL,[],,,,,,,,,
40TRIAS00000,78180491900012,MAISON TRIAS,1.0,DIRECT_ID,[],,,,,,,,,
40TROPIL0000,,,0.0,NOT_FOUND,[],,,,,,,,,
40TROPILINE0,80788682500015,TROPILINE,0.8,CALCULATED,[],,,,,,,,,
40TSIP000000,38145747200029,TSIP,1.0,DIRECT_ID,[],,,,,,,,,
40TTM0000000,,,0.0,NOT_FOUND,[],,,,,,,,,
40TUNA000000,87834478700014,S.A.S.U TUNA,1.0,DIRECT_ID,[],,,,,,,,,
40TURQUAND00,64203572900036,LES CARTONNAGES TURQUAND,1.0,DIRECT_ID,[],,,,,,,,,
40ULMA000000,40347387900084,ULMA PACKAGING,0.95,STRICT_LOCAL,[],,,,,,,,,
40ULZAMA0000,,,0.0,NOT_FOUND,[],,,,,,,,,
40UNANIME000,75156045900032,UNANIME,0.95,STRICT_LOCAL,[],,,,,,,,,
40UNIVERSEMB,40381555800016,L UNIVERS DE L EMBALLAGE,0.95,STRICT_LOCAL,[],,,,,,,,,
40UNYC000000,47804106400096,UNYC,1.0,DIRECT_ID,[],,,,,,,,,
40USEO000000,48505664200054,USEO,1.0,CALCULATED,[],,,,,,,,,
40VALERO0000,,,0.0,NOT_FOUND,[],,,,,,,,,
40VEGETABLE0,39395594300021,L'ECHO EDITION,1.0,DIRECT_ID,[],,,,,,,,,
40VENEXO0000,,,0.0,NOT_FOUND,[],,,,,,,,,
40VERAYTRANS,42066546500043,TRANSPORTS NICOLAS VERAY,1.0,DIRECT_ID,[],,,,,,,,,
40VERBEK0000,34284866000029,VERBEKE ET FILS,1.0,DIRECT_ID,[],,,,,,,,,
40VERITAS000,,,0.0,NOT_FOUND,[],,,,,,,,,
40VGS0000000,,,0.0,NOT_FOUND,"[""92409501100012""]",,,,,,,,,
40VIANATRPS0,,,0.0,NOT_FOUND,[],,,,,,,,,
40VIDEOJET00,34774750300030,VIDEOJET TECHNOLOGIES SA,1.0,DIRECT_ID,[],,,,,,,,,
40VIDEOPRO00,89054578300015,VIDEO PROTECT SUD,0.95,STRICT_LOCAL,[],,,,,,,,,
40VIGNIATIS0,48398982800015,VIGNIATIS,0.95,STRICT_LOCAL,[],,,,,,,,,
40VILLAMONT0,,,0.0,NOT_FOUND,[],,,,,,,,,
40VINANNTES0,84934876800011,VINANTES BIOENERGIES,0.95,STRICT_LOCAL,[],,,,,,,,,
40VINAS00000,30118845400013,VINAS,1.0,DIRECT_ID,[],,,,,,,,,
40VISAGE0000,,,0.0,NOT_FOUND,[],,,,,,,,,
40VIVALYA000,80853384800012,VIVALYA,1.0,DIRECT_ID,[],,,,,,,,,
40VLATRANSP0,,,0.0,NOT_FOUND,[],,,,,,,,,
40VOLVO00000,,,0.0,NOT_FOUND,[],,,,,,,,,
40VYF0000000,88926834800014,VYF HOLDING,0.6,CALCULATED,[],,,,,,,,,
40WAKERS0000,,,0.0,NOT_FOUND,[],,,,,,,,,
40WFCONSULTI,,,0.0,NOT_FOUND,[],,,,,,,,,
40WFSERVICES,,,0.0,NOT_FOUND,[],,,,,,,,,
40WORLDANIMA,,,0.0,NOT_FOUND,"[""49908806000045""]",,,,,,,,,
40WSL0000000,,,0.0,NOT_FOUND,[],,,,,,,,,
40WURTH00000,,,0.0,NOT_FOUND,[],,,,,,,,,
